"Date","Year","Month","Temp","Prec"
"1",1961-01-01,1961,1,-3.60348320007324,16.0391960144043
"2",1961-02-01,1961,2,1.59308266639709,52.4298286437988
"3",1961-03-01,1961,3,4.70115327835083,60.4904479980469
"4",1961-04-01,1961,4,10.6997900009155,39.6172943115234
"5",1961-05-01,1961,5,10.302285194397,89.8196640014648
"6",1961-06-01,1961,6,16.0184860229492,113.426574707031
"7",1961-07-01,1961,7,15.3186235427856,74.5909805297852
"8",1961-08-01,1961,8,15.5810661315918,70.8444595336914
"9",1961-09-01,1961,9,14.8556003570557,34.7647476196289
"10",1961-10-01,1961,10,8.81019973754883,48.0813140869141
"11",1961-11-01,1961,11,2.45220279693604,36.6232948303223
"12",1961-12-01,1961,12,-3.21785831451416,33.8151817321777
"13",1962-01-01,1962,1,-1.62941062450409,42.8715133666992
"14",1962-02-01,1962,2,-2.26454067230225,49.6351318359375
"15",1962-03-01,1962,3,-1.69297707080841,38.9457740783691
"16",1962-04-01,1962,4,8.31161880493164,26.6652736663818
"17",1962-05-01,1962,5,10.0692110061646,134.873001098633
"18",1962-06-01,1962,6,13.9189186096191,72.9598999023438
"19",1962-07-01,1962,7,15.2120733261108,72.7277908325195
"20",1962-08-01,1962,8,16.4794540405273,37.8819122314453
"21",1962-09-01,1962,9,11.8910341262817,54.7029724121094
"22",1962-10-01,1962,10,7.09812545776367,29.9093475341797
"23",1962-11-01,1962,11,1.79733002185822,54.2111206054688
"24",1962-12-01,1962,12,-5.90493154525757,28.8400115966797
"25",1963-01-01,1963,1,-8.52916049957275,30.2284317016602
"26",1963-02-01,1963,2,-7.39285898208618,19.6051273345947
"27",1963-03-01,1963,3,0.653987050056458,31.2930545806885
"28",1963-04-01,1963,4,8.13192272186279,18.8834533691406
"29",1963-05-01,1963,5,11.8629817962646,79.7159118652344
"30",1963-06-01,1963,6,16.3501567840576,125.32120513916
"31",1963-07-01,1963,7,18.177490234375,38.489616394043
"32",1963-08-01,1963,8,16.4175243377686,111.551551818848
"33",1963-09-01,1963,9,13.863471031189,88.1691741943359
"34",1963-10-01,1963,10,7.19141674041748,19.6251201629639
"35",1963-11-01,1963,11,5.91951656341553,48.8464088439941
"36",1963-12-01,1963,12,-6.16997575759888,7.04873323440552
"37",1964-01-01,1964,1,-6.52887296676636,12.2991428375244
"38",1964-02-01,1964,2,-2.78320145606995,36.2014045715332
"39",1964-03-01,1964,3,-1.24041402339935,29.563024520874
"40",1964-04-01,1964,4,8.17672729492188,38.2374038696289
"41",1964-05-01,1964,5,12.266074180603,67.2118835449219
"42",1964-06-01,1964,6,16.9635448455811,104.98616027832
"43",1964-07-01,1964,7,17.4336910247803,34.3552742004395
"44",1964-08-01,1964,8,14.4858484268188,176.809585571289
"45",1964-09-01,1964,9,11.9391098022461,18.1180305480957
"46",1964-10-01,1964,10,6.28894281387329,112.67847442627
"47",1964-11-01,1964,11,3.57619690895081,34.2016677856445
"48",1964-12-01,1964,12,-1.98073828220367,22.0283908843994
"49",1965-01-01,1965,1,-1.11272716522217,44.2427215576172
"50",1965-02-01,1965,2,-4.9188437461853,31.7947788238525
"51",1965-03-01,1965,3,0.122387386858463,42.8202438354492
"52",1965-04-01,1965,4,5.96694993972778,78.7451171875
"53",1965-05-01,1965,5,10.1197385787964,112.288879394531
"54",1965-06-01,1965,6,15.5140476226807,115.909111022949
"55",1965-07-01,1965,7,15.7401084899902,142.586120605469
"56",1965-08-01,1965,8,14.2084922790527,78.1642684936523
"57",1965-09-01,1965,9,12.4666433334351,45.2854118347168
"58",1965-10-01,1965,10,6.30518245697021,13.4248018264771
"59",1965-11-01,1965,11,-0.708113312721252,37.4151992797852
"60",1965-12-01,1965,12,0.0791212245821953,62.2043228149414
"61",1966-01-01,1966,1,-6.37434101104736,33.2291793823242
"62",1966-02-01,1966,2,3.94865465164185,43.698844909668
"63",1966-03-01,1966,3,1.87082779407501,47.8320083618164
"64",1966-04-01,1966,4,8.65337181091309,60.6559181213379
"65",1966-05-01,1966,5,12.0260076522827,72.1429214477539
"66",1966-06-01,1966,6,16.0137195587158,104.919387817383
"67",1966-07-01,1966,7,15.5522766113281,150.129425048828
"68",1966-08-01,1966,8,14.9366312026978,121.192024230957
"69",1966-09-01,1966,9,11.5005893707275,21.9040851593018
"70",1966-10-01,1966,10,11.0302419662476,31.3044605255127
"71",1966-11-01,1966,11,1.38410031795502,28.8678436279297
"72",1966-12-01,1966,12,-0.769585013389587,68.887809753418
"73",1967-01-01,1967,1,-2.78195285797119,42.166259765625
"74",1967-02-01,1967,2,0.22688390314579,36.0668106079102
"75",1967-03-01,1967,3,3.64368605613708,53.0932579040527
"76",1967-04-01,1967,4,5.91240882873535,42.089282989502
"77",1967-05-01,1967,5,12.1375036239624,120.2578125
"78",1967-06-01,1967,6,14.6625328063965,80.2467041015625
"79",1967-07-01,1967,7,17.8893070220947,66.8397369384766
"80",1967-08-01,1967,8,15.8008852005005,53.4618911743164
"81",1967-09-01,1967,9,13.0533218383789,117.630790710449
"82",1967-10-01,1967,10,10.0464878082275,27.1215972900391
"83",1967-11-01,1967,11,2.24877119064331,33.0702209472656
"84",1967-12-01,1967,12,-1.6370815038681,98.6150360107422
"85",1968-01-01,1968,1,-4.03736734390259,73.8236618041992
"86",1968-02-01,1968,2,-0.612186431884766,27.9737758636475
"87",1968-03-01,1968,3,2.88403034210205,53.5470962524414
"88",1968-04-01,1968,4,8.1134729385376,31.4918251037598
"89",1968-05-01,1968,5,10.7222537994385,67.2865142822266
"90",1968-06-01,1968,6,15.7685832977295,99.1785125732422
"91",1968-07-01,1968,7,15.6245937347412,57.212890625
"92",1968-08-01,1968,8,15.1818761825562,136.3544921875
"93",1968-09-01,1968,9,12.0811901092529,47.6527519226074
"94",1968-10-01,1968,10,8.10986995697021,54.2771415710449
"95",1968-11-01,1968,11,3.50039458274841,34.1337394714355
"96",1968-12-01,1968,12,-4.16624975204468,22.1344528198242
"97",1969-01-01,1969,1,-2.88938403129578,48.9487228393555
"98",1969-02-01,1969,2,-3.24153637886047,33.7346725463867
"99",1969-03-01,1969,3,-0.499678581953049,43.1661720275879
"100",1969-04-01,1969,4,6.55268430709839,34.121768951416
"101",1969-05-01,1969,5,14.385443687439,68.725700378418
"102",1969-06-01,1969,6,14.6140937805176,70.1578216552734
"103",1969-07-01,1969,7,17.7410926818848,36.7614593505859
"104",1969-08-01,1969,8,15.2455368041992,52.5152130126953
"105",1969-09-01,1969,9,12.7542848587036,18.37477684021
"106",1969-10-01,1969,10,8.72499847412109,16.6368045806885
"107",1969-11-01,1969,11,3.69935369491577,42.7802696228027
"108",1969-12-01,1969,12,-6.67702102661133,31.1044845581055
"109",1970-01-01,1970,1,-4.08302688598633,12.0118761062622
"110",1970-02-01,1970,2,-2.6321976184845,95.956657409668
"111",1970-03-01,1970,3,0.209730207920074,65.8994750976562
"112",1970-04-01,1970,4,5.49247121810913,39.7799682617188
"113",1970-05-01,1970,5,10.4898738861084,36.588264465332
"114",1970-06-01,1970,6,16.2850303649902,85.2713241577148
"115",1970-07-01,1970,7,16.3222770690918,74.4299926757812
"116",1970-08-01,1970,8,15.8237800598145,108.262672424316
"117",1970-09-01,1970,9,11.6775026321411,40.0287399291992
"118",1970-10-01,1970,10,6.92710304260254,73.8100738525391
"119",1970-11-01,1970,11,4.51458549499512,83.5037612915039
"120",1970-12-01,1970,12,-1.45611166954041,37.5784759521484
"121",1971-01-01,1971,1,-3.73481130599976,16.3952579498291
"122",1971-02-01,1971,2,-0.568554282188416,32.5265502929688
"123",1971-03-01,1971,3,-0.561517357826233,29.8280830383301
"124",1971-04-01,1971,4,7.75778341293335,45.8708763122559
"125",1971-05-01,1971,5,13.4848108291626,73.3032379150391
"126",1971-06-01,1971,6,13.5608396530151,122.760879516602
"127",1971-07-01,1971,7,17.4775085449219,45.541576385498
"128",1971-08-01,1971,8,18.3629875183105,44.1320495605469
"129",1971-09-01,1971,9,10.3310632705688,39.6086158752441
"130",1971-10-01,1971,10,6.88928985595703,19.2399082183838
"131",1971-11-01,1971,11,1.9806741476059,49.4487266540527
"132",1971-12-01,1971,12,1.85793995857239,30.7806911468506
"133",1972-01-01,1972,1,-4.18348741531372,24.4810905456543
"134",1972-02-01,1972,2,0.974782645702362,27.7295684814453
"135",1972-03-01,1972,3,4.36840486526489,24.0729389190674
"136",1972-04-01,1972,4,6.60440301895142,90.2772445678711
"137",1972-05-01,1972,5,11.6862392425537,86.2765502929688
"138",1972-06-01,1972,6,15.29856300354,54.3828468322754
"139",1972-07-01,1972,7,17.4955081939697,47.6467590332031
"140",1972-08-01,1972,8,15.7490139007568,65.6038436889648
"141",1972-09-01,1972,9,9.73535537719727,82.08447265625
"142",1972-10-01,1972,10,4.98018932342529,20.9533424377441
"143",1972-11-01,1972,11,2.88346147537231,31.6995792388916
"144",1972-12-01,1972,12,-1.69113171100616,3.99753189086914
"145",1973-01-01,1973,1,-2.3771390914917,23.8729686737061
"146",1973-02-01,1973,2,-0.443731516599655,43.2755241394043
"147",1973-03-01,1973,3,2.60356736183167,32.1512870788574
"148",1973-04-01,1973,4,4.44295883178711,68.5232620239258
"149",1973-05-01,1973,5,12.1332712173462,45.9041328430176
"150",1973-06-01,1973,6,14.8718461990356,72.8042373657227
"151",1973-07-01,1973,7,15.8752002716064,111.209541320801
"152",1973-08-01,1973,8,16.3649368286133,19.3992347717285
"153",1973-09-01,1973,9,13.0063915252686,19.9027805328369
"154",1973-10-01,1973,10,5.68597412109375,41.3487930297852
"155",1973-11-01,1973,11,0.937078952789307,41.7745399475098
"156",1973-12-01,1973,12,-1.88921618461609,42.287712097168
"157",1974-01-01,1974,1,0.288774996995926,49.0945243835449
"158",1974-02-01,1974,2,2.29357862472534,18.2640476226807
"159",1974-03-01,1974,3,5.60732221603394,13.1963777542114
"160",1974-04-01,1974,4,6.86850214004517,10.1388921737671
"161",1974-05-01,1974,5,10.4331455230713,100.464363098145
"162",1974-06-01,1974,6,12.8725528717041,167.954864501953
"163",1974-07-01,1974,7,14.8345184326172,78.8341751098633
"164",1974-08-01,1974,8,17.0279388427734,56.541820526123
"165",1974-09-01,1974,9,12.3506212234497,17.5059967041016
"166",1974-10-01,1974,10,3.92661929130554,103.550674438477
"167",1974-11-01,1974,11,2.56796908378601,41.9482040405273
"168",1974-12-01,1974,12,2.8127875328064,124.83617401123
"169",1975-01-01,1975,1,1.71448254585266,33.3605308532715
"170",1975-02-01,1975,2,-1.56248259544373,18.0168037414551
"171",1975-03-01,1975,3,3.02705407142639,44.671199798584
"172",1975-04-01,1975,4,6.34601163864136,31.4517478942871
"173",1975-05-01,1975,5,12.2976274490356,85.0760269165039
"174",1975-06-01,1975,6,14.134238243103,109.880004882812
"175",1975-07-01,1975,7,17.1581058502197,74.5442810058594
"176",1975-08-01,1975,8,16.7953567504883,53.1460075378418
"177",1975-09-01,1975,9,15.4890899658203,16.9680919647217
"178",1975-10-01,1975,10,6.69532632827759,36.1457824707031
"179",1975-11-01,1975,11,0.684576570987701,53.4010696411133
"180",1975-12-01,1975,12,-1.3735853433609,31.5907936096191
"181",1976-01-01,1976,1,-1.23362362384796,115.800247192383
"182",1976-02-01,1976,2,-1.28070640563965,16.1458606719971
"183",1976-03-01,1976,3,-0.889541864395142,26.9240398406982
"184",1976-04-01,1976,4,6.49680185317993,18.9753742218018
"185",1976-05-01,1976,5,12.4119434356689,56.0346794128418
"186",1976-06-01,1976,6,15.8306665420532,33.1106986999512
"187",1976-07-01,1976,7,18.0173416137695,25.4988784790039
"188",1976-08-01,1976,8,14.1973943710327,59.2936248779297
"189",1976-09-01,1976,9,11.294774055481,48.5896072387695
"190",1976-10-01,1976,10,8.80792617797852,47.6089515686035
"191",1976-11-01,1976,11,3.81532788276672,84.2359313964844
"192",1976-12-01,1976,12,-3.04668855667114,29.2807598114014
"193",1977-01-01,1977,1,-2.20693063735962,72.384521484375
"194",1977-02-01,1977,2,0.300556898117065,60.5932655334473
"195",1977-03-01,1977,3,5.16757011413574,37.723876953125
"196",1977-04-01,1977,4,5.18306398391724,52.1511268615723
"197",1977-05-01,1977,5,11.6122484207153,93.3062210083008
"198",1977-06-01,1977,6,15.5128078460693,71.4098358154297
"199",1977-07-01,1977,7,15.8420743942261,97.1152725219727
"200",1977-08-01,1977,8,15.298623085022,173.975067138672
"201",1977-09-01,1977,9,10.4226427078247,51.2965393066406
"202",1977-10-01,1977,10,8.7869930267334,33.8788795471191
"203",1977-11-01,1977,11,3.50065970420837,78.6852645874023
"204",1977-12-01,1977,12,-1.78578495979309,29.6177883148193
"205",1978-01-01,1978,1,-1.42539000511169,31.2810668945312
"206",1978-02-01,1978,2,-3.31085157394409,11.1273937225342
"207",1978-03-01,1978,3,3.59897685050964,30.6182880401611
"208",1978-04-01,1978,4,6.0565390586853,81.41650390625
"209",1978-05-01,1978,5,10.7493343353271,62.8529739379883
"210",1978-06-01,1978,6,14.1361961364746,45.225154876709
"211",1978-07-01,1978,7,14.4626502990723,66.520881652832
"212",1978-08-01,1978,8,13.7725143432617,113.963264465332
"213",1978-09-01,1978,9,11.4764623641968,63.9938278198242
"214",1978-10-01,1978,10,7.9242148399353,46.775936126709
"215",1978-11-01,1978,11,1.17704558372498,32.7023811340332
"216",1978-12-01,1978,12,-0.717736184597015,41.6913566589355
"217",1979-01-01,1979,1,-6.20883417129517,35.8767356872559
"218",1979-02-01,1979,2,-1.81942594051361,31.8756618499756
"219",1979-03-01,1979,3,3.07840275764465,83.6448516845703
"220",1979-04-01,1979,4,5.57491016387939,50.4527626037598
"221",1979-05-01,1979,5,13.0783777236938,27.4597320556641
"222",1979-06-01,1979,6,17.745044708252,107.858406066895
"223",1979-07-01,1979,7,14.8402099609375,66.3357696533203
"224",1979-08-01,1979,8,15.231635093689,104.191131591797
"225",1979-09-01,1979,9,12.7012310028076,66.8132553100586
"226",1979-10-01,1979,10,7.45177602767944,24.2765331268311
"227",1979-11-01,1979,11,2.25763607025146,80.5229034423828
"228",1979-12-01,1979,12,2.64461016654968,55.9795417785645
"229",1980-01-01,1980,1,-5.37864923477173,29.0342330932617
"230",1980-02-01,1980,2,0.295963644981384,39.1864013671875
"231",1980-03-01,1980,3,1.5504846572876,28.5887222290039
"232",1980-04-01,1980,4,4.16561317443848,99.3101577758789
"233",1980-05-01,1980,5,9.54494190216064,21.792652130127
"234",1980-06-01,1980,6,14.2556533813477,81.6048889160156
"235",1980-07-01,1980,7,14.1500816345215,170.710342407227
"236",1980-08-01,1980,8,15.6812257766724,51.0102195739746
"237",1980-09-01,1980,9,11.9726648330688,40.1840133666992
"238",1980-10-01,1980,10,6.79207038879395,67.0746612548828
"239",1980-11-01,1980,11,1.31484568119049,34.5542602539062
"240",1980-12-01,1980,12,-1.23581445217133,44.6139793395996
"241",1981-01-01,1981,1,-4.37582015991211,70.1947479248047
"242",1981-02-01,1981,2,-1.69732749462128,31.3198699951172
"243",1981-03-01,1981,3,5.62173128128052,74.7033386230469
"244",1981-04-01,1981,4,6.22340202331543,32.8498420715332
"245",1981-05-01,1981,5,12.4898729324341,50.9559860229492
"246",1981-06-01,1981,6,16.0891227722168,26.567066192627
"247",1981-07-01,1981,7,15.709228515625,175.866790771484
"248",1981-08-01,1981,8,15.9008493423462,44.8698997497559
"249",1981-09-01,1981,9,12.9841175079346,67.1859130859375
"250",1981-10-01,1981,10,7.88251638412476,90.9563140869141
"251",1981-11-01,1981,11,2.84893345832825,62.6164741516113
"252",1981-12-01,1981,12,-3.40318655967712,64.1720657348633
"253",1982-01-01,1982,1,-5.69437551498413,45.8701972961426
"254",1982-02-01,1982,2,-2.69620084762573,10.9813413619995
"255",1982-03-01,1982,3,3.13759756088257,47.9408302307129
"256",1982-04-01,1982,4,4.70839405059814,38.4389381408691
"257",1982-05-01,1982,5,12.3744602203369,71.1376953125
"258",1982-06-01,1982,6,16.0404796600342,101.499397277832
"259",1982-07-01,1982,7,17.6736316680908,33.1941986083984
"260",1982-08-01,1982,8,16.9155254364014,56.5667991638184
"261",1982-09-01,1982,9,15.0998497009277,31.0364322662354
"262",1982-10-01,1982,10,8.54237079620361,14.4169836044312
"263",1982-11-01,1982,11,3.37993717193604,25.0077495574951
"264",1982-12-01,1982,12,0.290792912244797,51.0500144958496
"265",1983-01-01,1983,1,1.99659061431885,71.2769012451172
"266",1983-02-01,1983,2,-3.99661183357239,44.9259071350098
"267",1983-03-01,1983,3,2.99807286262512,36.9072036743164
"268",1983-04-01,1983,4,8.64738368988037,50.0746917724609
"269",1983-05-01,1983,5,12.6829767227173,84.6001968383789
"270",1983-06-01,1983,6,15.8217582702637,49.2239952087402
"271",1983-07-01,1983,7,19.9685688018799,20.8159637451172
"272",1983-08-01,1983,8,17.258768081665,84.7232666015625
"273",1983-09-01,1983,9,13.0588979721069,45.7426376342773
"274",1983-10-01,1983,10,7.68190002441406,23.296573638916
"275",1983-11-01,1983,11,0.833824932575226,36.7807960510254
"276",1983-12-01,1983,12,-1.75145375728607,21.2866039276123
"277",1984-01-01,1984,1,-1.52814364433289,41.874584197998
"278",1984-02-01,1984,2,-2.16124510765076,42.7378005981445
"279",1984-03-01,1984,3,0.821970701217651,24.5897407531738
"280",1984-04-01,1984,4,6.07294368743896,52.7018394470215
"281",1984-05-01,1984,5,11.2547807693481,72.9973678588867
"282",1984-06-01,1984,6,14.0553417205811,62.7442970275879
"283",1984-07-01,1984,7,14.8303604125977,92.4943466186523
"284",1984-08-01,1984,8,15.6586666107178,57.7137832641602
"285",1984-09-01,1984,9,11.7632236480713,95.6266784667969
"286",1984-10-01,1984,10,8.73546981811523,26.0483818054199
"287",1984-11-01,1984,11,3.54797220230103,28.7010746002197
"288",1984-12-01,1984,12,-1.40149772167206,19.7242565155029
"289",1985-01-01,1985,1,-8.12307929992676,49.1699180603027
"290",1985-02-01,1985,2,-6.02178049087524,41.1887245178223
"291",1985-03-01,1985,3,1.68923759460449,22.3234062194824
"292",1985-04-01,1985,4,6.64471244812012,34.8984107971191
"293",1985-05-01,1985,5,13.2499303817749,114.233451843262
"294",1985-06-01,1985,6,13.1156320571899,85.1733093261719
"295",1985-07-01,1985,7,17.5280113220215,63.097957611084
"296",1985-08-01,1985,8,16.5032539367676,115.706192016602
"297",1985-09-01,1985,9,12.56325340271,29.8412132263184
"298",1985-10-01,1985,10,7.16537380218506,12.6584777832031
"299",1985-11-01,1985,11,-0.514793336391449,55.3020858764648
"300",1985-12-01,1985,12,1.68549907207489,50.4848175048828
"301",1986-01-01,1986,1,-2.13164687156677,66.514289855957
"302",1986-02-01,1986,2,-7.86517095565796,10.2084197998047
"303",1986-03-01,1986,3,1.76950252056122,41.7645721435547
"304",1986-04-01,1986,4,8.42894077301025,41.6131782531738
"305",1986-05-01,1986,5,14.4948959350586,102.335861206055
"306",1986-06-01,1986,6,15.2869596481323,53.6942443847656
"307",1986-07-01,1986,7,16.0516109466553,77.1497421264648
"308",1986-08-01,1986,8,16.522985458374,121.551834106445
"309",1986-09-01,1986,9,11.2162446975708,24.5180072784424
"310",1986-10-01,1986,10,7.89522981643677,40.5155830383301
"311",1986-11-01,1986,11,3.25614404678345,23.8352642059326
"312",1986-12-01,1986,12,-0.610349237918854,98.3782730102539
"313",1987-01-01,1987,1,-7.71175527572632,78.1477584838867
"314",1987-02-01,1987,2,-1.87090718746185,49.0395393371582
"315",1987-03-01,1987,3,-2.92985773086548,35.5681762695312
"316",1987-04-01,1987,4,7.80242300033569,39.3512382507324
"317",1987-05-01,1987,5,10.275013923645,109.704200744629
"318",1987-06-01,1987,6,14.4536657333374,140.336608886719
"319",1987-07-01,1987,7,17.4285297393799,85.5180511474609
"320",1987-08-01,1987,8,14.6727924346924,77.4546737670898
"321",1987-09-01,1987,9,14.5083847045898,84.1882400512695
"322",1987-10-01,1987,10,8.44568824768066,19.4716377258301
"323",1987-11-01,1987,11,3.29168486595154,45.443042755127
"324",1987-12-01,1987,12,0.411421954631805,61.0268783569336
"325",1988-01-01,1988,1,1.00458610057831,29.5480918884277
"326",1988-02-01,1988,2,0.369625300168991,48.2348594665527
"327",1988-03-01,1988,3,0.816324293613434,66.6411209106445
"328",1988-04-01,1988,4,7.69227457046509,14.5651559829712
"329",1988-05-01,1988,5,14.1088209152222,28.2049236297607
"330",1988-06-01,1988,6,15.015643119812,67.5564727783203
"331",1988-07-01,1988,7,17.4453144073486,84.7299194335938
"332",1988-08-01,1988,8,16.8292827606201,127.689292907715
"333",1988-09-01,1988,9,12.5549764633179,49.8620071411133
"334",1988-10-01,1988,10,8.53037166595459,17.6489849090576
"335",1988-11-01,1988,11,-0.474436789751053,60.1719436645508
"336",1988-12-01,1988,12,0.506589889526367,82.3472518920898
"337",1989-01-01,1989,1,-0.35197189450264,20.6125259399414
"338",1989-02-01,1989,2,1.99158143997192,40.3526039123535
"339",1989-03-01,1989,3,5.62713384628296,44.7971725463867
"340",1989-04-01,1989,4,8.09411907196045,68.1960144042969
"341",1989-05-01,1989,5,12.5641851425171,50.9956207275391
"342",1989-06-01,1989,6,14.3992624282837,99.9679794311523
"343",1989-07-01,1989,7,17.1155776977539,44.8563270568848
"344",1989-08-01,1989,8,16.4200134277344,55.5117340087891
"345",1989-09-01,1989,9,13.33860206604,100.724067687988
"346",1989-10-01,1989,10,8.99444580078125,38.1451301574707
"347",1989-11-01,1989,11,0.412480771541595,28.726188659668
"348",1989-12-01,1989,12,-0.297252178192139,25.6060218811035
"349",1990-01-01,1990,1,-0.417956590652466,8.97530746459961
"350",1990-02-01,1990,2,3.00214457511902,63.7061233520508
"351",1990-03-01,1990,3,5.73461723327637,23.2618446350098
"352",1990-04-01,1990,4,5.98702335357666,74.2107009887695
"353",1990-05-01,1990,5,12.7905244827271,45.3423805236816
"354",1990-06-01,1990,6,15.0051565170288,43.3374176025391
"355",1990-07-01,1990,7,16.3232021331787,14.6062059402466
"356",1990-08-01,1990,8,17.5945167541504,27.9043960571289
"357",1990-09-01,1990,9,10.8293342590332,67.201904296875
"358",1990-10-01,1990,10,8.3656177520752,28.6234455108643
"359",1990-11-01,1990,11,3.3509156703949,71.3686141967773
"360",1990-12-01,1990,12,-1.51223516464233,36.5358963012695
"361",1991-01-01,1991,1,-0.424767881631851,11.3394384384155
"362",1991-02-01,1991,2,-4.61149978637695,10.9519071578979
"363",1991-03-01,1991,3,4.40965032577515,32.4695663452148
"364",1991-04-01,1991,4,5.76743507385254,33.7318153381348
"365",1991-05-01,1991,5,8.2170877456665,61.5914192199707
"366",1991-06-01,1991,6,14.1821069717407,71.4755172729492
"367",1991-07-01,1991,7,18.3025665283203,99.7977066040039
"368",1991-08-01,1991,8,16.6680469512939,80.5006561279297
"369",1991-09-01,1991,9,13.6347227096558,33.7345123291016
"370",1991-10-01,1991,10,6.71386766433716,16.3444862365723
"371",1991-11-01,1991,11,2.14834690093994,64.3141403198242
"372",1991-12-01,1991,12,-2.59392046928406,70.4296112060547
"373",1992-01-01,1992,1,-0.60846358537674,39.9608535766602
"374",1992-02-01,1992,2,0.723211050033569,53.0136604309082
"375",1992-03-01,1992,3,3.02499580383301,87.117790222168
"376",1992-04-01,1992,4,6.93956995010376,24.3858013153076
"377",1992-05-01,1992,5,13.4907598495483,9.18925762176514
"378",1992-06-01,1992,6,16.889612197876,63.6507110595703
"379",1992-07-01,1992,7,18.3894500732422,63.4966163635254
"380",1992-08-01,1992,8,20.5451831817627,99.5434265136719
"381",1992-09-01,1992,9,12.6861534118652,32.4523239135742
"382",1992-10-01,1992,10,5.81054162979126,64.9283676147461
"383",1992-11-01,1992,11,3.15635323524475,36.9810600280762
"384",1992-12-01,1992,12,-2.00346565246582,60.4160652160645
"385",1993-01-01,1993,1,0.224459305405617,54.1012802124023
"386",1993-02-01,1993,2,-3.6936194896698,42.1599273681641
"387",1993-03-01,1993,3,1.02900195121765,38.7618370056152
"388",1993-04-01,1993,4,8.30283546447754,38.859432220459
"389",1993-05-01,1993,5,14.5830173492432,69.2347717285156
"390",1993-06-01,1993,6,15.0711135864258,108.538101196289
"391",1993-07-01,1993,7,15.5698518753052,75.9769515991211
"392",1993-08-01,1993,8,16.263277053833,77.1301956176758
"393",1993-09-01,1993,9,11.7427291870117,52.6821403503418
"394",1993-10-01,1993,10,7.53869199752808,48.1144142150879
"395",1993-11-01,1993,11,-0.441534668207169,45.2196502685547
"396",1993-12-01,1993,12,1.57844161987305,72.5118789672852
"397",1994-01-01,1994,1,1.58742117881775,43.2312622070312
"398",1994-02-01,1994,2,-0.987801909446716,8.69120597839355
"399",1994-03-01,1994,3,5.34322643280029,81.3434600830078
"400",1994-04-01,1994,4,7.05418825149536,40.3909568786621
"401",1994-05-01,1994,5,12.0881395339966,60.1767578125
"402",1994-06-01,1994,6,16.0837955474854,31.3587207794189
"403",1994-07-01,1994,7,20.8246307373047,80.8563919067383
"404",1994-08-01,1994,8,17.903736114502,117.773544311523
"405",1994-09-01,1994,9,13.315749168396,83.0472717285156
"406",1994-10-01,1994,10,5.67053461074829,29.5106563568115
"407",1994-11-01,1994,11,5.19874000549316,46.1828536987305
"408",1994-12-01,1994,12,0.646154522895813,83.3405838012695
"409",1995-01-01,1995,1,-2.27394604682922,66.7132720947266
"410",1995-02-01,1995,2,3.20216631889343,29.1194305419922
"411",1995-03-01,1995,3,1.81038796901703,63.3572654724121
"412",1995-04-01,1995,4,7.86216259002686,60.8237762451172
"413",1995-05-01,1995,5,11.9551086425781,116.781143188477
"414",1995-06-01,1995,6,14.3381547927856,87.1578979492188
"415",1995-07-01,1995,7,19.5435924530029,66.207160949707
"416",1995-08-01,1995,8,16.688835144043,152.414535522461
"417",1995-09-01,1995,9,11.7520332336426,122.889976501465
"418",1995-10-01,1995,10,9.76293563842773,7.23049736022949
"419",1995-11-01,1995,11,-0.128569558262825,68.591682434082
"420",1995-12-01,1995,12,-2.82757568359375,37.2095375061035
"421",1996-01-01,1996,1,-4.74831914901733,17.1685638427734
"422",1996-02-01,1996,2,-5.09767723083496,24.6688499450684
"423",1996-03-01,1996,3,-1.24055135250092,27.6867446899414
"424",1996-04-01,1996,4,6.83669996261597,41.7336196899414
"425",1996-05-01,1996,5,12.4970378875732,81.449592590332
"426",1996-06-01,1996,6,15.4909238815308,72.526969909668
"427",1996-07-01,1996,7,15.2266731262207,96.1548767089844
"428",1996-08-01,1996,8,15.8663949966431,78.7616500854492
"429",1996-09-01,1996,9,9.46875,66.1810684204102
"430",1996-10-01,1996,10,8.67453861236572,51.7798500061035
"431",1996-11-01,1996,11,4.27552461624146,32.2159805297852
"432",1996-12-01,1996,12,-5.31635618209839,25.5811195373535
"433",1997-01-01,1997,1,-4.65953063964844,21.3077068328857
"434",1997-02-01,1997,2,1.26842856407166,40.0268592834473
"435",1997-03-01,1997,3,3.44595837593079,51.0904960632324
"436",1997-04-01,1997,4,4.43879079818726,57.6900100708008
"437",1997-05-01,1997,5,12.6699047088623,70.5628967285156
"438",1997-06-01,1997,6,16.0345516204834,62.5225028991699
"439",1997-07-01,1997,7,16.0760402679443,218.187103271484
"440",1997-08-01,1997,8,17.7787380218506,45.9784736633301
"441",1997-09-01,1997,9,12.394793510437,13.5506763458252
"442",1997-10-01,1997,10,5.50981187820435,50.8519477844238
"443",1997-11-01,1997,11,2.75648975372314,37.6549453735352
"444",1997-12-01,1997,12,0.586402952671051,42.8165664672852
"445",1998-01-01,1998,1,-0.241352379322052,23.5660152435303
"446",1998-02-01,1998,2,2.4512255191803,12.1570062637329
"447",1998-03-01,1998,3,2.40338277816772,59.7982177734375
"448",1998-04-01,1998,4,8.71297073364258,25.62375831604
"449",1998-05-01,1998,5,13.1500301361084,26.6013793945312
"450",1998-06-01,1998,6,16.897331237793,110.851829528809
"451",1998-07-01,1998,7,17.3561420440674,143.96435546875
"452",1998-08-01,1998,8,17.0264110565186,43.7829856872559
"453",1998-09-01,1998,9,12.0426597595215,107.771194458008
"454",1998-10-01,1998,10,8.37126445770264,99.6399230957031
"455",1998-11-01,1998,11,0.167823269963264,48.3740539550781
"456",1998-12-01,1998,12,-2.03511953353882,32.3210258483887
"457",1999-01-01,1999,1,-0.530184805393219,36.9066200256348
"458",1999-02-01,1999,2,-2.13735771179199,69.0076751708984
"459",1999-03-01,1999,3,4.19002246856689,41.0401268005371
"460",1999-04-01,1999,4,8.15325260162354,30.2768650054932
"461",1999-05-01,1999,5,13.2617034912109,53.3093414306641
"462",1999-06-01,1999,6,14.95055103302,97.7814102172852
"463",1999-07-01,1999,7,18.4695262908936,117.486618041992
"464",1999-08-01,1999,8,16.839729309082,45.6224250793457
"465",1999-09-01,1999,9,15.7682476043701,42.0454711914062
"466",1999-10-01,1999,10,7.70215892791748,26.891565322876
"467",1999-11-01,1999,11,1.32298898696899,31.5851421356201
"468",1999-12-01,1999,12,-0.552348554134369,58.6010208129883
"469",2000-01-01,2000,1,-2.784419298172,65.9054794311523
"470",2000-02-01,2000,2,2.06855893135071,45.2805709838867
"471",2000-03-01,2000,3,3.13236618041992,132.478729248047
"472",2000-04-01,2000,4,10.8111438751221,22.3862953186035
"473",2000-05-01,2000,5,14.6792917251587,51.3405075073242
"474",2000-06-01,2000,6,17.193883895874,61.6897239685059
"475",2000-07-01,2000,7,15.2650995254517,125.433448791504
"476",2000-08-01,2000,8,18.5448932647705,52.5195350646973
"477",2000-09-01,2000,9,12.6895189285278,38.1960220336914
"478",2000-10-01,2000,10,10.7907648086548,40.5275077819824
"479",2000-11-01,2000,11,5.09018135070801,38.3050003051758
"480",2000-12-01,2000,12,0.317859917879105,30.2260684967041
"481",2001-01-01,2001,1,-2.19002819061279,39.881420135498
"482",2001-02-01,2001,2,-0.0248998943716288,54.3233909606934
"483",2001-03-01,2001,3,3.28487873077393,57.243724822998
"484",2001-04-01,2001,4,6.56482315063477,57.5866470336914
"485",2001-05-01,2001,5,14.122784614563,125.651374816895
"486",2001-06-01,2001,6,13.8615398406982,76.4103927612305
"487",2001-07-01,2001,7,17.394926071167,130.1337890625
"488",2001-08-01,2001,8,17.7340698242188,116.227325439453
"489",2001-09-01,2001,9,10.9160966873169,93.6510620117188
"490",2001-10-01,2001,10,11.3538951873779,30.5418891906738
"491",2001-11-01,2001,11,1.32285869121552,58.5953254699707
"492",2001-12-01,2001,12,-4.16458988189697,66.4386215209961
"493",2002-01-01,2002,1,-1.46944260597229,23.1804733276367
"494",2002-02-01,2002,2,3.34056639671326,70.3877182006836
"495",2002-03-01,2002,3,3.87959241867065,33.234619140625
"496",2002-04-01,2002,4,7.17949151992798,42.6564483642578
"497",2002-05-01,2002,5,15.3206624984741,38.5776100158691
"498",2002-06-01,2002,6,17.2648830413818,70.8218688964844
"499",2002-07-01,2002,7,18.1886215209961,82.748161315918
"500",2002-08-01,2002,8,18.2430191040039,255.381988525391
"501",2002-09-01,2002,9,11.6076183319092,44.2354431152344
"502",2002-10-01,2002,10,6.64192152023315,83.319938659668
"503",2002-11-01,2002,11,4.5923810005188,67.934326171875
"504",2002-12-01,2002,12,-2.52341365814209,53.5828895568848
"505",2003-01-01,2003,1,-2.44961380958557,52.6993179321289
"506",2003-02-01,2003,2,-4.79833936691284,10.1413621902466
"507",2003-03-01,2003,3,3.40823674201965,6.80682706832886
"508",2003-04-01,2003,4,6.83592700958252,23.8436107635498
"509",2003-05-01,2003,5,15.3583583831787,119.62718963623
"510",2003-06-01,2003,6,19.4212532043457,24.6359691619873
"511",2003-07-01,2003,7,18.097095489502,73.2113647460938
"512",2003-08-01,2003,8,20.1429691314697,41.4052581787109
"513",2003-09-01,2003,9,13.2787103652954,31.0789642333984
"514",2003-10-01,2003,10,4.79870891571045,63.2058982849121
"515",2003-11-01,2003,11,4.78121566772461,21.4036560058594
"516",2003-12-01,2003,12,-0.731669247150421,62.9474258422852
"517",2004-01-01,2004,1,-4.35523176193237,77.5072555541992
"518",2004-02-01,2004,2,0.180618017911911,64.6661605834961
"519",2004-03-01,2004,3,1.96351683139801,52.5473747253418
"520",2004-04-01,2004,4,8.42199420928955,59.1822128295898
"521",2004-05-01,2004,5,10.7812871932983,54.7885398864746
"522",2004-06-01,2004,6,15.1643342971802,101.995742797852
"523",2004-07-01,2004,7,16.9748573303223,73.5531616210938
"524",2004-08-01,2004,8,18.1091461181641,53.5420951843262
"525",2004-09-01,2004,9,12.6419897079468,56.5062103271484
"526",2004-10-01,2004,10,9.02286815643311,34.4964714050293
"527",2004-11-01,2004,11,3.29702401161194,81.1483459472656
"528",2004-12-01,2004,12,-0.967310667037964,15.7720165252686
"529",2005-01-01,2005,1,-0.669336438179016,92.8173904418945
"530",2005-02-01,2005,2,-3.93549394607544,72.2966384887695
"531",2005-03-01,2005,3,0.91698807477951,33.1121673583984
"532",2005-04-01,2005,4,8.68202114105225,33.9615707397461
"533",2005-05-01,2005,5,12.9296026229858,81.570182800293
"534",2005-06-01,2005,6,15.8658618927002,41.0755043029785
"535",2005-07-01,2005,7,17.5120735168457,198.652435302734
"536",2005-08-01,2005,8,15.5447864532471,93.6099166870117
"537",2005-09-01,2005,9,14.0521631240845,40.752326965332
"538",2005-10-01,2005,10,9.2010383605957,4.73763465881348
"539",2005-11-01,2005,11,1.68128168582916,23.6789588928223
"540",2005-12-01,2005,12,-1.57381427288055,75.0750961303711
"541",2006-01-01,2006,1,-5.99169445037842,44.5793571472168
"542",2006-02-01,2006,2,-3.47727274894714,49.1116256713867
"543",2006-03-01,2006,3,-0.529400527477264,83.4881362915039
"544",2006-04-01,2006,4,7.78481674194336,65.4518661499023
"545",2006-05-01,2006,5,12.4677066802979,94.3265914916992
"546",2006-06-01,2006,6,16.7035942077637,71.9396286010742
"547",2006-07-01,2006,7,20.8163604736328,51.3387298583984
"548",2006-08-01,2006,8,14.5801992416382,171.465560913086
"549",2006-09-01,2006,9,15.2173480987549,18.6713523864746
"550",2006-10-01,2006,10,10.0073328018188,30.536262512207
"551",2006-11-01,2006,11,5.41670322418213,48.1844062805176
"552",2006-12-01,2006,12,2.01715064048767,23.9462642669678
"553",2007-01-01,2007,1,3.22286772727966,62.5550308227539
"554",2007-02-01,2007,2,2.7470850944519,54.7746353149414
"555",2007-03-01,2007,3,4.68188381195068,52.640941619873
"556",2007-04-01,2007,4,9.94305419921875,1.02936792373657
"557",2007-05-01,2007,5,14.0373754501343,62.7535095214844
"558",2007-06-01,2007,6,18.3580989837646,94.0919799804688
"559",2007-07-01,2007,7,18.2385120391846,82.5127868652344
"560",2007-08-01,2007,8,17.6913108825684,60.6871032714844
"561",2007-09-01,2007,9,11.1988868713379,129.535263061523
"562",2007-10-01,2007,10,7.08299016952515,22.9723606109619
"563",2007-11-01,2007,11,0.904088020324707,95.9036712646484
"564",2007-12-01,2007,12,-1.16877400875092,26.6692943572998
"565",2008-01-01,2008,1,1.14886128902435,33.3284454345703
"566",2008-02-01,2008,2,2.00036525726318,26.3198585510254
"567",2008-03-01,2008,3,2.68920373916626,55.8493537902832
"568",2008-04-01,2008,4,7.67921829223633,33.3934211730957
"569",2008-05-01,2008,5,13.564432144165,65.4809265136719
"570",2008-06-01,2008,6,17.3946552276611,81.2726669311523
"571",2008-07-01,2008,7,17.6546669006348,84.896240234375
"572",2008-08-01,2008,8,17.5652732849121,65.2342147827148
"573",2008-09-01,2008,9,12.0673398971558,41.8992195129395
"574",2008-10-01,2008,10,8.19766330718994,37.9734649658203
"575",2008-11-01,2008,11,4.29076671600342,62.3899269104004
"576",2008-12-01,2008,12,0.298088103532791,30.6644611358643
"577",2009-01-01,2009,1,-4.4850754737854,24.0262279510498
"578",2009-02-01,2009,2,-1.46822214126587,83.8306503295898
"579",2009-03-01,2009,3,2.74039101600647,89.3621063232422
"580",2009-04-01,2009,4,11.9322805404663,7.73658895492554
"581",2009-05-01,2009,5,13.1826181411743,81.3613815307617
"582",2009-06-01,2009,6,14.8367700576782,100.438186645508
"583",2009-07-01,2009,7,18.1429882049561,85.3451843261719
"584",2009-08-01,2009,8,18.1888084411621,86.0778656005859
"585",2009-09-01,2009,9,14.3874626159668,20.2492332458496
"586",2009-10-01,2009,10,6.92798757553101,72.6417541503906
"587",2009-11-01,2009,11,5.36832809448242,27.1628532409668
"588",2009-12-01,2009,12,-1.04055833816528,69.0037155151367
"589",2010-01-01,2010,1,-4.81657028198242,74.4264602661133
"590",2010-02-01,2010,2,-2.19830513000488,14.9091272354126
"591",2010-03-01,2010,3,2.18765783309937,41.9326400756836
"592",2010-04-01,2010,4,7.7123064994812,55.1032638549805
"593",2010-05-01,2010,5,11.8044767379761,98.0409240722656
"594",2010-06-01,2010,6,16.8979587554932,62.3662719726562
"595",2010-07-01,2010,7,19.8720321655273,141.698974609375
"596",2010-08-01,2010,8,17.021203994751,176.493392944336
"597",2010-09-01,2010,9,11.1534967422485,88.0658798217773
"598",2010-10-01,2010,10,6.0774974822998,5.66791248321533
"599",2010-11-01,2010,11,5.13204193115234,48.3626098632812
"600",2010-12-01,2010,12,-4.96202945709229,63.7913055419922
"601",2011-01-01,2011,1,-1.07741904258728,45.1488838195801
"602",2011-02-01,2011,2,-2.11029481887817,8.89311027526855
"603",2011-03-01,2011,3,3.76348948478699,21.2256736755371
"604",2011-04-01,2011,4,10.2124300003052,31.3649826049805
"605",2011-05-01,2011,5,13.2736644744873,61.0655937194824
"606",2011-06-01,2011,6,16.8257446289062,74.0966796875
"607",2011-07-01,2011,7,16.3204154968262,160.273666381836
"608",2011-08-01,2011,8,18.128511428833,65.7809524536133
"609",2011-09-01,2011,9,14.4932079315186,97.6099014282227
"610",2011-10-01,2011,10,7.67326021194458,38.2992477416992
"611",2011-11-01,2011,11,2.5018994808197,1.39082980155945
"612",2011-12-01,2011,12,1.95031487941742,44.4498748779297
"613",2012-01-01,2012,1,-0.226869761943817,98.0231475830078
"614",2012-02-01,2012,2,-5.63602209091187,45.3880195617676
"615",2012-03-01,2012,3,5.00057983398438,19.4739055633545
"616",2012-04-01,2012,4,8.17496871948242,27.7603950500488
"617",2012-05-01,2012,5,14.3127880096436,99.0858535766602
"618",2012-06-01,2012,6,17.1336650848389,57.9435348510742
"619",2012-07-01,2012,7,18.0340309143066,117.051895141602
"620",2012-08-01,2012,8,17.8504657745361,75.119758605957
"621",2012-09-01,2012,9,12.9612722396851,39.6340293884277
"622",2012-10-01,2012,10,7.21241807937622,44.217830657959
"623",2012-11-01,2012,11,5.03390455245972,21.2406368255615
"624",2012-12-01,2012,12,-1.13786363601685,64.2445297241211
"625",2013-01-01,2013,1,-1.58961999416351,83.1418838500977
"626",2013-02-01,2013,2,-1.22810244560242,45.5330581665039
"627",2013-03-01,2013,3,-0.539597809314728,26.0929412841797
"628",2013-04-01,2013,4,7.9626898765564,15.5100860595703
"629",2013-05-01,2013,5,11.9256534576416,117.97981262207
"630",2013-06-01,2013,6,15.4021806716919,147.221725463867
"631",2013-07-01,2013,7,19.136646270752,50.5115356445312
"632",2013-08-01,2013,8,17.1941299438477,81.652702331543
"633",2013-09-01,2013,9,11.7332000732422,66.8648529052734
"634",2013-10-01,2013,10,8.98438167572021,43.9551734924316
"635",2013-11-01,2013,11,3.9749927520752,20.8760547637939
"636",2013-12-01,2013,12,1.22262358665466,23.406909942627
"637",2014-01-01,2014,1,0.556621432304382,32.0384979248047
"638",2014-02-01,2014,2,1.76189863681793,4.17212629318237
"639",2014-03-01,2014,3,5.6587872505188,46.9058837890625
"640",2014-04-01,2014,4,9.22928142547607,30.8027820587158
"641",2014-05-01,2014,5,11.7262258529663,109.962417602539
"642",2014-06-01,2014,6,16.0371398925781,38.2282791137695
"643",2014-07-01,2014,7,19.1061229705811,67.2279891967773
"644",2014-08-01,2014,8,15.5105409622192,78.9442520141602
"645",2014-09-01,2014,9,13.6467218399048,86.8895568847656
"646",2014-10-01,2014,10,9.71062850952148,33.4054985046387
"647",2014-11-01,2014,11,5.99069309234619,13.9187078475952
"648",2014-12-01,2014,12,1.77636229991913,37.514949798584
"649",2015-01-01,2015,1,1.02913784980774,61.4178085327148
"650",2015-02-01,2015,2,-0.0331332571804523,9.73650074005127
"651",2015-03-01,2015,3,3.76563477516174,49.2486991882324
"652",2015-04-01,2015,4,7.62358665466309,21.8155174255371
"653",2015-05-01,2015,5,12.4907131195068,42.480541229248
"654",2015-06-01,2015,6,16.2737102508545,77.5510101318359
"655",2015-07-01,2015,7,20.4082775115967,28.7970943450928
"656",2015-08-01,2015,8,21.1765422821045,95.5703201293945
"657",2015-09-01,2015,9,12.7346239089966,38.64501953125
"658",2015-10-01,2015,10,7.89612293243408,53.2010917663574
"659",2015-11-01,2015,11,5.86223220825195,90.7339553833008
"660",2015-12-01,2015,12,4.09122514724731,19.2529106140137
"661",2016-01-01,2016,1,-1.32232713699341,33.0164070129395
"662",2016-02-01,2016,2,3.21470832824707,44.7143173217773
"663",2016-03-01,2016,3,3.08736991882324,33.9165992736816
"664",2016-04-01,2016,4,7.09368419647217,39.0020866394043
"665",2016-05-01,2016,5,13.0090980529785,47.7121772766113
"666",2016-06-01,2016,6,17.1941318511963,80.4054641723633
"667",2016-07-01,2016,7,18.804386138916,110.807159423828
"668",2016-08-01,2016,8,17.1257705688477,28.8872127532959
"669",2016-09-01,2016,9,15.8900566101074,11.8397798538208
"670",2016-10-01,2016,10,7.17316007614136,62.8265419006348
"671",2016-11-01,2016,11,2.4894757270813,35.6995735168457
"672",2016-12-01,2016,12,-0.665346086025238,46.3531074523926
"673",2017-01-01,2017,1,-5.71582746505737,44.926456451416
"674",2017-02-01,2017,2,1.1035327911377,25.2409362792969
"675",2017-03-01,2017,3,5.83429574966431,44.9043045043945
"676",2017-04-01,2017,4,6.79002523422241,103.258079528809
"677",2017-05-01,2017,5,13.8537569046021,48.3878479003906
"678",2017-06-01,2017,6,18.0862998962402,72.1228179931641
"679",2017-07-01,2017,7,18.6305179595947,118.892242431641
"680",2017-08-01,2017,8,19.16916847229,50.5355415344238
"681",2017-09-01,2017,9,11.6657962799072,66.8951263427734
"682",2017-10-01,2017,10,9.63862133026123,105.198684692383
"683",2017-11-01,2017,11,3.69136071205139,44.0241661071777
"684",2017-12-01,2017,12,0.802133500576019,40.2484703063965
"685",2018-01-01,2018,1,1.74659478664398,35.9603042602539
"686",2018-02-01,2018,2,-3.86702418327332,19.7420539855957
"687",2018-03-01,2018,3,0.872989773750305,23.796968460083
"688",2018-04-01,2018,4,12.6540603637695,19.8387870788574
"689",2018-05-01,2018,5,16.345588684082,46.8974227905273
"690",2018-06-01,2018,6,17.4291076660156,58.6260833740234
"691",2018-07-01,2018,7,19.704402923584,36.5236587524414
"692",2018-08-01,2018,8,20.8311958312988,54.2532691955566
"693",2018-09-01,2018,9,14.4248600006104,64.9160919189453
"694",2018-10-01,2018,10,10.100025177002,39.0915679931641
"695",2018-11-01,2018,11,4.24521017074585,23.9833927154541
"696",2018-12-01,2018,12,1.03018462657928,83.4132385253906
"697",2019-01-01,2019,1,-1.85232031345367,85.5254135131836
"698",2019-02-01,2019,2,1.5600643157959,35.6790199279785
"699",2019-03-01,2019,3,5.55713891983032,57.2540817260742
"700",2019-04-01,2019,4,9.00175666809082,16.5885639190674
"701",2019-05-01,2019,5,10.5468320846558,110.077178955078
"702",2019-06-01,2019,6,20.5565071105957,31.075834274292
"703",2019-07-01,2019,7,18.3299407958984,79.3774795532227
"704",2019-08-01,2019,8,18.7489013671875,79.4316940307617
"705",2019-09-01,2019,9,13.0949621200562,47.9237442016602
"706",2019-10-01,2019,10,9.3186731338501,40.7552719116211
"707",2019-11-01,2019,11,5.75686025619507,47.2711868286133
"708",2019-12-01,2019,12,2.02669835090637,27.9703025817871
"709",2020-01-01,2020,1,0.483973056077957,20.565881729126
"710",2020-02-01,2020,2,3.72334504127502,86.0519943237305
"711",2020-03-01,2020,3,3.96944355964661,46.3393516540527
"712",2020-04-01,2020,4,9.16500186920166,21.884220123291
"713",2020-05-01,2020,5,11.0342607498169,88.1207656860352
"714",2020-06-01,2020,6,16.0456714630127,150.437530517578
"715",2020-07-01,2020,7,17.584285736084,66.8196716308594
"716",2020-08-01,2020,8,18.4177951812744,113.063911437988
"717",2020-09-01,2020,9,13.7411165237427,66.3869857788086
"718",2020-10-01,2020,10,9.00960159301758,89.883415222168
"719",2020-11-01,2020,11,4.00414133071899,33.0221328735352
"720",2020-12-01,2020,12,1.78202629089355,19.3641109466553
